post_title,image1,image2,image3,image4,image5,image6,image7
Aliquam furniture,product01.jpg,product01-1.jpg,product01-2.jpg,product04.jpg,product05.jpg,product06.jpg,product07.jpg
Aliquam lobortis,product02.jpg,product02-1.jpg,product02-2.jpg,product05.jpg,product06.jpg,product07.jpg,product08.jpg
Aliquam sit amet,product03.jpg,product03-1.jpg,product05.jpg,product06.jpg,product07.jpg,product08.jpg,product09.jpg
Aliquet auctor sem,product04.jpg,product04-1.jpg,product04-2.jpg,product04-3.jpg,product08.jpg,product09.jpg,product10.jpg
Auctor gravida enim,product05.jpg,product05-1.jpg,product05-2.jpg,product05-3.jpg,product09.jpg,product10.jpg,product11.jpg
Auctor sem,product06.jpg,product06-1.jpg,product06-2.jpg,product06-3.jpg,product10.jpg,product11.jpg,product12.jpg
Commodo dolor,product07.jpg,product07-1.jpg,product07-2.jpg,product10.jpg,product11.jpg,product12.jpg,product13.jpg
Condimentum furniture,product08.jpg,product08-1.jpg,product10.jpg,product11.jpg,product12.jpg,product13.jpg,product14.jpg
Condimentum posuere,product09.jpg,product09-1.jpg,product09-2.jpg,product09-3.jpg,product09-4.jpg,product14.jpg,product15.jpg
Convallis furniture,product10.jpg,product10-1.jpg,product12.jpg,product13.jpg,product14.jpg,product15.jpg,product16.jpg
Convallis quam sit,product11.jpg,product11-1.jpg,product11-2.jpg,product14.jpg,product15.jpg,product16.jpg,product17.jpg
Curabitur a purus,product12.jpg,product12-1.jpg,product14.jpg,product15.jpg,product16.jpg,product17.jpg,product18.jpg
Diam vel neque,product13.jpg,product13-1.jpg,product15.jpg,product16.jpg,product17.jpg,product18.jpg,product19.jpg
Dignissim furniture,product14.jpg,product14-1.jpg,product16.jpg,product17.jpg,product18.jpg,product19.jpg,product20.jpg
Dignissim venenatis,product15.jpg,product15-1.jpg,product17.jpg,product18.jpg,product19.jpg,product20.jpg,product21.jpg
Duis bibendum,product16.jpg,product16-1jpg,product18.jpg,product19.jpg,product20.jpg,product21.jpg,product22.jpg
Egestas dapibus,product17.jpg,product17-1.jpg,product19.jpg,product20.jpg,product21.jpg,product22.jpg,product23.jpg
Eleifend quam,product18.jpg,product18-1.jpg,product18-2.jpg,product18-3.jpg,product22.jpg,product23.jpg,product24.jpg
Etiam purus,product19.jpg,product19-1.jpg,product21.jpg,product22.jpg,product23.jpg,product24.jpg,product25.jpg
Fusce dolor enim,product20.jpg,product20-1.jpg,product22.jpg,product23.jpg,product24.jpg,product25.jpg,product26.jpg
Fusce tempor,product21.jpg,product21-1.jpg,product21-2.jpg,product24.jpg,product25.jpg,product26.jpg,product27.jpg
Habitasse dictumst,product22.jpg,product22-1.jpg,product22-2.jpg,product22-3.jpg,product26.jpg,product27.jpg,product28.jpg
Integer eget augue,product23.jpg,product23-1.jpg,product23-2.jpg,product26.jpg,product27.jpg,product28.jpg,product29.jpg
Ipsum imperdie,product24.jpg,product24-1.jpg,product24-2.jpg,product27.jpg,product28.jpg,product29.jpg,product30.jpg
Kaoreet furniture,product25.jpg,product25-1.jpg,product25-2.jpg,product25-3.jpg,product29.jpg,product30.jpg,product04.jpg
Kaoreet lobortis,product26.jpg,product26-1.jpg,product26-2.jpg,product26-3.jpg,product30.jpg,product01.jpg,product01.jpg
Lacus dignissim,product27.jpg,product27-1.jpg,product27-2.jpg,product27-3.jpg,product27-4.jpg,product02.jpg,product02.jpg
Morbi tristique,product28.jpg,product28-1.jpg,product28-2.jpg,product01.jpg,product02.jpg,product03.jpg,product03.jpg
Neque porttitor,product29.jpg,product29-1.jpg,product01.jpg,product02.jpg,product03.jpg,product04.jpg,product04.jpg
Nulla sed libero,product30.jpg,product30-1.jpg,product30-2.jpg,product03.jpg,product04.jpg,product05.jpg,product05.jpg
Nulla sed stg,product01.jpg,product01-1.jpg,product01-2.jpg,product04.jpg,product05.jpg,product06.jpg,product07.jpg
Nunc bibendum,product02.jpg,product02-1.jpg,product02-2.jpg,product05.jpg,product06.jpg,product07.jpg,product08.jpg
Odio tortor consequat,product03.jpg,product03-1.jpg,product05.jpg,product06.jpg,product07.jpg,product08.jpg,product09.jpg
Ornare sed consequat,product04.jpg,product04-1.jpg,product04-2.jpg,product04-3.jpg,product08.jpg,product09.jpg,product10.jpg
Pellentesque furniture,product05.jpg,product05-1.jpg,product05-2.jpg,product05-3.jpg,product09.jpg,product10.jpg,product11.jpg
Pellentesque position,product06.jpg,product06-1.jpg,product06-2.jpg,product06-3.jpg,product10.jpg,product11.jpg,product12.jpg
Pellentesque posuere,product07.jpg,product07-1.jpg,product07-2.jpg,product10.jpg,product11.jpg,product12.jpg,product13.jpg
Pharetra sagittis,product08.jpg,product08-1.jpg,product10.jpg,product11.jpg,product12.jpg,product13.jpg,product14.jpg
Phasellus vel hendrerit,product09.jpg,product09-1.jpg,product09-2.jpg,product09-3.jpg,product09-4.jpg,product14.jpg,product15.jpg
Phasellus vel hss,product10.jpg,product10-1.jpg,product12.jpg,product13.jpg,product14.jpg,product15.jpg,product16.jpg
Sapien libero,product11.jpg,product11-1.jpg,product11-2.jpg,product14.jpg,product15.jpg,product16.jpg,product17.jpg
Sed sollicitudin,product12.jpg,product12-1.jpg,product14.jpg,product15.jpg,product16.jpg,product17.jpg,product18.jpg
Sin autem eos,product13.jpg,product13-1.jpg,product15.jpg,product16.jpg,product17.jpg,product18.jpg,product19.jpg
Sit amet felis,product14.jpg,product14-1.jpg,product16.jpg,product17.jpg,product18.jpg,product19.jpg,product20.jpg
Sociis natoque,product15.jpg,product15-1.jpg,product17.jpg,product18.jpg,product19.jpg,product20.jpg,product21.jpg
Tincidunt malesuada,product16.jpg,product16-1jpg,product18.jpg,product19.jpg,product20.jpg,product21.jpg,product22.jpg
Turpis et iaculis,product17.jpg,product17-1.jpg,product19.jpg,product20.jpg,product21.jpg,product22.jpg,product23.jpg
Ut ornare orci,product18.jpg,product18-1.jpg,product18-2.jpg,product18-3.jpg,product22.jpg,product23.jpg,product24.jpg
Viverra sollicitudin,product19.jpg,product19-1.jpg,product21.jpg,product22.jpg,product23.jpg,product24.jpg,product25.jpg
Volutpat sit amet,product20.jpg,product20-1.jpg,product22.jpg,product23.jpg,product24.jpg,product25.jpg,product26.jpg
Volutpat ut,product21.jpg,product21-1.jpg,product21-2.jpg,product24.jpg,product25.jpg,product26.jpg,product27.jpg
Vulputate furniture,product22.jpg,product22-1.jpg,product22-2.jpg,product22-3.jpg,product26.jpg,product27.jpg,product28.jpg
Vulputate justo,product23.jpg,product23-1.jpg,product23-2.jpg,product26.jpg,product27.jpg,product28.jpg,product29.jpg
